frame_index,timestamp,landmark_id,x,y,z,visibility
0,0.000000,11,376.651,634.553,0.212259,0.998
0,0.000000,12,367.206,617.565,-0.183626,1.000
0,0.000000,13,375.843,734.362,0.249272,0.258
0,0.000000,14,370.635,724.372,-0.211466,0.974
0,0.000000,23,266.624,752.987,0.115004,0.981
0,0.000000,24,253.975,742.170,-0.114713,0.992
0,0.000000,15,404.555,821.296,0.180306,0.221
0,0.000000,16,405.025,819.694,-0.156700,0.951
1,0.033170,11,374.343,634.484,0.222493,0.998
1,0.033170,12,367.843,617.549,-0.159610,1.000
1,0.033170,13,373.684,734.125,0.254034,0.250
1,0.033170,14,372.673,724.595,-0.185842,0.973
1,0.033170,23,265.605,753.008,0.113789,0.982
1,0.033170,24,254.148,741.687,-0.113554,0.993
1,0.033170,15,403.039,821.439,0.208798,0.215
1,0.033170,16,407.837,822.790,-0.148107,0.951
2,0.066340,11,372.492,633.933,0.233702,0.998
2,0.066340,12,368.496,617.453,-0.141423,1.000
2,0.066340,13,371.465,734.026,0.265958,0.245
2,0.066340,14,373.202,724.850,-0.165545,0.973
2,0.066340,23,265.326,752.934,0.112539,0.983
2,0.066340,24,254.487,741.438,-0.112364,0.993
2,0.066340,15,400.759,821.874,0.227215,0.212
2,0.066340,16,408.519,824.783,-0.129606,0.951
3,0.099510,11,371.082,633.852,0.225545,0.998
3,0.099510,12,368.609,617.716,-0.151825,1.000
3,0.099510,13,371.005,733.966,0.251796,0.239
3,0.099510,14,374.177,725.720,-0.176361,0.972
3,0.099510,23,264.913,752.935,0.110977,0.983
3,0.099510,24,254.631,741.439,-0.110849,0.994
3,0.099510,15,400.370,822.248,0.214498,0.207
3,0.099510,16,409.784,825.993,-0.135013,0.950
4,0.132680,11,370.876,634.000,0.218803,0.998
4,0.132680,12,368.791,618.246,-0.156560,1.000
4,0.132680,13,371.062,734.123,0.245706,0.238
4,0.132680,14,374.626,726.195,-0.182181,0.972
4,0.132680,23,264.822,752.932,0.111065,0.983
4,0.132680,24,254.651,741.439,-0.110928,0.994
4,0.132680,15,400.608,823.014,0.210997,0.207
4,0.132680,16,409.904,826.403,-0.152785,0.951
5,0.165851,11,370.702,634.397,0.223427,0.998
5,0.165851,12,368.682,618.327,-0.158608,1.000
5,0.165851,13,371.228,734.107,0.254174,0.234
5,0.165851,14,374.623,725.486,-0.184044,0.972
5,0.165851,23,264.800,752.999,0.112139,0.984
5,0.165851,24,254.639,741.441,-0.112022,0.994
5,0.165851,15,401.046,823.093,0.212290,0.205
5,0.165851,16,409.834,825.233,-0.158186,0.952
6,0.199021,11,370.793,635.081,0.223096,0.999
6,0.199021,12,368.549,618.468,-0.166060,1.000
6,0.199021,13,371.363,734.110,0.254323,0.232
6,0.199021,14,374.568,725.332,-0.194238,0.972
6,0.199021,23,264.838,752.989,0.113105,0.984
6,0.199021,24,254.611,741.403,-0.113001,0.994
6,0.199021,15,401.144,823.195,0.210046,0.206
6,0.199021,16,409.761,824.969,-0.168829,0.953
7,0.232191,11,370.842,635.452,0.225984,0.999
7,0.232191,12,368.316,618.570,-0.165370,1.000
7,0.232191,13,371.420,734.111,0.256017,0.229
7,0.232191,14,374.439,725.253,-0.194455,0.972
7,0.232191,23,264.730,753.076,0.113496,0.984
7,0.232191,24,254.539,741.424,-0.113392,0.995
7,0.232191,15,401.183,823.372,0.208593,0.206
7,0.232191,16,409.703,824.895,-0.167992,0.954
8,0.265361,11,370.860,635.519,0.225292,0.999
8,0.265361,12,368.241,618.663,-0.170104,1.000
8,0.265361,13,371.320,734.138,0.256054,0.226
8,0.265361,14,374.419,725.123,-0.200471,0.972
8,0.265361,23,264.740,753.190,0.114685,0.984
8,0.265361,24,254.522,741.447,-0.114581,0.995
8,0.265361,15,401.126,823.197,0.207574,0.206
8,0.265361,16,409.754,824.215,-0.174019,0.956
9,0.298531,11,370.913,635.517,0.222734,0.999
9,0.298531,12,368.241,618.795,-0.172148,1.000
9,0.298531,13,371.252,734.161,0.252125,0.223
9,0.298531,14,374.609,725.137,-0.202522,0.973
9,0.298531,23,264.607,753.424,0.114884,0.984
9,0.298531,24,254.418,741.620,-0.114778,0.995
9,0.298531,15,401.154,823.111,0.204036,0.204
9,0.298531,16,409.986,824.148,-0.174937,0.957
10,0.331701,11,371.028,635.436,0.226031,0.999
10,0.331701,12,368.286,618.847,-0.172107,1.000
10,0.331701,13,371.301,734.218,0.256274,0.225
10,0.331701,14,374.591,724.932,-0.202899,0.973
10,0.331701,23,264.461,753.452,0.116378,0.985
10,0.331701,24,254.360,741.669,-0.116261,0.995
10,0.331701,15,401.153,823.110,0.204652,0.210
10,0.331701,16,409.965,823.950,-0.175828,0.959
11,0.364871,11,371.033,635.188,0.225902,0.999
11,0.364871,12,368.343,618.949,-0.172599,1.000
11,0.364871,13,371.089,734.181,0.256000,0.227
11,0.364871,14,374.562,724.768,-0.205203,0.974
11,0.364871,23,263.912,753.418,0.116581,0.985
11,0.364871,24,254.244,741.793,-0.116461,0.995
11,0.364871,15,400.825,822.918,0.202656,0.215
11,0.364871,16,410.033,823.612,-0.179467,0.961
12,0.398041,11,371.095,635.186,0.221210,0.999
12,0.398041,12,368.303,619.175,-0.172636,1.000
12,0.398041,13,371.522,734.010,0.250450,0.230
12,0.398041,14,374.547,724.764,-0.205127,0.974
12,0.398041,23,263.928,753.535,0.116436,0.985
12,0.398041,24,254.276,742.350,-0.116314,0.995
12,0.398041,15,400.953,822.919,0.196634,0.221
12,0.398041,16,409.976,823.475,-0.179734,0.962
13,0.431211,11,371.118,635.325,0.219576,0.999
13,0.431211,12,368.311,619.182,-0.173254,1.000
13,0.431211,13,371.538,734.164,0.249475,0.229
13,0.431211,14,374.615,724.736,-0.206401,0.974
13,0.431211,23,263.844,753.595,0.116419,0.986
13,0.431211,24,254.250,742.529,-0.116296,0.995
13,0.431211,15,401.268,823.026,0.195894,0.224
13,0.431211,16,410.178,823.171,-0.183971,0.963
14,0.464381,11,371.265,635.350,0.219478,0.999
14,0.464381,12,368.249,619.181,-0.173222,1.000
14,0.464381,13,372.230,733.996,0.249511,0.233
14,0.464381,14,374.578,724.566,-0.206121,0.974
14,0.464381,23,263.822,753.695,0.116629,0.986
14,0.464381,24,254.110,742.545,-0.116506,0.995
14,0.464381,15,401.566,823.025,0.196176,0.231
14,0.464381,16,410.323,823.003,-0.182405,0.963
15,0.497552,11,371.959,635.554,0.212129,0.999
15,0.497552,12,367.937,619.212,-0.175998,1.000
15,0.497552,13,373.256,733.977,0.247122,0.237
15,0.497552,14,374.554,724.566,-0.207007,0.974
15,0.497552,23,264.123,753.760,0.116630,0.986
15,0.497552,24,254.060,742.555,-0.116506,0.995
15,0.497552,15,401.927,823.031,0.194934,0.238
15,0.497552,16,410.317,822.986,-0.182514,0.963
16,0.530722,11,372.128,635.522,0.209651,0.999
16,0.530722,12,367.964,619.143,-0.178230,1.000
16,0.530722,13,373.268,733.844,0.245795,0.239
16,0.530722,14,374.541,724.411,-0.208563,0.975
16,0.530722,23,264.180,753.752,0.116626,0.986
16,0.530722,24,254.057,742.498,-0.116504,0.995
16,0.530722,15,401.932,823.126,0.194429,0.245
16,0.530722,16,410.431,822.973,-0.184111,0.964
17,0.563892,11,372.050,635.365,0.212378,0.999
17,0.563892,12,368.033,619.149,-0.168316,1.000
17,0.563892,13,371.774,733.852,0.246699,0.239
17,0.563892,14,374.431,724.466,-0.197089,0.975
17,0.563892,23,264.043,753.754,0.116484,0.986
17,0.563892,24,254.036,742.502,-0.116368,0.996
17,0.563892,15,401.521,823.395,0.196531,0.246
17,0.563892,16,410.541,823.071,-0.171735,0.963
18,0.597062,11,372.055,635.610,0.212454,0.999
18,0.597062,12,367.915,619.246,-0.175260,1.000
18,0.597062,13,371.792,734.384,0.246933,0.240
18,0.597062,14,374.352,724.478,-0.205139,0.975
18,0.597062,23,264.169,753.846,0.116659,0.987
18,0.597062,24,253.975,742.542,-0.116547,0.996
18,0.597062,15,401.518,823.731,0.196581,0.248
18,0.597062,16,410.639,823.057,-0.180503,0.964
19,0.630232,11,372.042,635.602,0.215996,0.999
19,0.630232,12,367.958,619.236,-0.175227,1.000
19,0.630232,13,371.911,734.437,0.250800,0.239
19,0.630232,14,374.296,724.384,-0.205329,0.975
19,0.630232,23,264.160,753.849,0.117309,0.987
19,0.630232,24,253.977,742.548,-0.117193,0.996
19,0.630232,15,401.644,823.709,0.198100,0.252
19,0.630232,16,410.558,822.818,-0.181654,0.964
20,0.663402,11,372.045,635.890,0.211568,0.999
20,0.663402,12,367.075,619.374,-0.182253,1.000
20,0.663402,13,372.251,734.480,0.247208,0.241
20,0.663402,14,374.111,724.586,-0.213482,0.975
20,0.663402,23,264.168,753.851,0.117609,0.987
20,0.663402,24,253.934,742.550,-0.117491,0.996
20,0.663402,15,402.345,823.530,0.194352,0.256
20,0.663402,16,410.557,822.451,-0.190959,0.964
21,0.696572,11,371.963,635.838,0.207702,0.999
21,0.696572,12,366.730,619.383,-0.188714,1.000
21,0.696572,13,372.267,734.045,0.242955,0.235
21,0.696572,14,374.020,724.707,-0.220326,0.975
21,0.696572,23,264.031,753.854,0.117686,0.986
21,0.696572,24,253.846,742.563,-0.117566,0.996
21,0.696572,15,402.358,823.254,0.189658,0.248
21,0.696572,16,410.284,822.361,-0.193333,0.964
22,0.729742,11,372.010,636.069,0.207806,0.999
22,0.729742,12,365.179,619.111,-0.194452,1.000
22,0.729742,13,373.336,734.005,0.245713,0.234
22,0.729742,14,373.396,724.228,-0.227353,0.975
22,0.729742,23,264.433,753.970,0.118703,0.986
22,0.729742,24,253.820,742.635,-0.118578,0.996
22,0.729742,15,403.853,822.443,0.189962,0.249
22,0.729742,16,409.457,819.640,-0.199485,0.965
23,0.762912,11,372.932,636.939,0.206955,0.999
23,0.762912,12,363.572,617.381,-0.195202,1.000
23,0.762912,13,376.368,734.002,0.246058,0.231
23,0.762912,14,371.166,722.118,-0.226630,0.975
23,0.762912,23,264.999,754.501,0.118833,0.986
23,0.762912,24,253.758,742.769,-0.118713,0.996
23,0.762912,15,405.889,821.957,0.189605,0.246
23,0.762912,16,408.580,816.605,-0.198035,0.964
24,0.796082,11,377.039,637.162,0.202581,0.999
24,0.796082,12,361.206,615.595,-0.193445,1.000
24,0.796082,13,378.705,730.566,0.246338,0.234
24,0.796082,14,367.686,719.553,-0.224327,0.976
24,0.796082,23,266.206,754.566,0.118253,0.986
24,0.796082,24,253.557,742.765,-0.118126,0.996
24,0.796082,15,407.069,816.386,0.188972,0.250
24,0.796082,16,406.136,809.638,-0.190804,0.964
25,0.829253,11,380.793,637.188,0.198206,0.999
25,0.829253,12,357.637,612.222,-0.191862,1.000
25,0.829253,13,382.024,725.575,0.248621,0.237
25,0.829253,14,361.616,714.931,-0.220802,0.976
25,0.829253,23,270.803,754.854,0.115934,0.987
25,0.829253,24,253.545,742.444,-0.115814,0.996
25,0.829253,15,407.183,809.844,0.186049,0.256
25,0.829253,16,403.015,803.717,-0.189634,0.963
26,0.862423,11,384.691,637.226,0.181372,0.999
26,0.862423,12,352.264,608.548,-0.190727,1.000
26,0.862423,13,384.721,723.549,0.236879,0.260
26,0.862423,14,348.106,709.129,-0.220126,0.978
26,0.862423,23,275.717,756.268,0.112026,0.987
26,0.862423,24,253.071,742.266,-0.111923,0.995
26,0.862423,15,408.055,805.082,0.144401,0.283
26,0.862423,16,396.515,793.844,-0.199327,0.964
27,0.895593,11,389.585,638.101,0.156293,0.999
27,0.895593,12,346.716,604.680,-0.174517,1.000
27,0.895593,13,386.036,721.346,0.152918,0.289
27,0.895593,14,335.062,702.523,-0.209349,0.978
27,0.895593,23,282.684,758.027,0.100923,0.988
27,0.895593,24,252.128,741.671,-0.100844,0.995
27,0.895593,15,407.996,797.345,-0.017916,0.310
27,0.895593,16,388.567,781.122,-0.197621,0.963
28,0.928763,11,392.046,640.275,0.171441,0.999
28,0.928763,12,340.731,600.509,-0.126528,1.000
28,0.928763,13,385.820,720.107,0.127222,0.314
28,0.928763,14,326.665,694.910,-0.194584,0.979
28,0.928763,23,286.601,763.584,0.095170,0.989
28,0.928763,24,250.988,741.733,-0.095063,0.996
28,0.928763,15,403.128,783.820,-0.085897,0.331
28,0.928763,16,381.972,763.083,-0.197142,0.963
29,0.961933,11,395.928,642.883,0.167106,0.999
29,0.961933,12,335.480,596.767,-0.120959,1.000
29,0.961933,13,385.522,720.472,0.094657,0.310
29,0.961933,14,317.704,687.289,-0.155962,0.981
29,0.961933,23,291.969,766.430,0.091661,0.989
29,0.961933,24,249.245,742.116,-0.091411,0.996
29,0.961933,15,389.086,762.554,-0.133044,0.317
29,0.961933,16,374.464,747.770,-0.147813,0.964
30,0.995103,11,398.987,644.842,0.138422,0.999
30,0.995103,12,327.996,594.097,-0.114203,1.000
30,0.995103,13,385.431,721.874,0.054792,0.343
30,0.995103,14,307.808,681.890,-0.138753,0.982
30,0.995103,23,297.192,769.462,0.082630,0.990
30,0.995103,24,248.052,743.287,-0.082348,0.996
30,0.995103,15,359.089,735.213,-0.150486,0.325
30,0.995103,16,368.783,739.145,-0.114941,0.963
31,1.028273,11,401.944,644.521,0.149153,0.999
31,1.028273,12,323.741,589.628,-0.079231,1.000
31,1.028273,13,385.103,722.126,0.044676,0.395
31,1.028273,14,296.506,673.638,-0.080484,0.983
31,1.028273,23,299.232,771.060,0.086897,0.990
31,1.028273,24,247.790,744.770,-0.086680,0.996
31,1.028273,15,337.802,700.922,-0.214662,0.368
31,1.028273,16,358.365,719.837,0.003810,0.964
32,1.061443,11,404.573,643.643,0.159600,0.999
32,1.061443,12,320.010,586.938,-0.036270,1.000
32,1.061443,13,384.284,716.708,0.053380,0.442
32,1.061443,14,288.407,665.898,-0.045640,0.984
32,1.061443,23,302.897,770.857,0.084177,0.991
32,1.061443,24,248.246,744.741,-0.083955,0.996
32,1.061443,15,335.591,696.047,-0.188413,0.411
32,1.061443,16,345.636,700.545,-0.000653,0.964
33,1.094613,11,403.103,641.431,0.163259,0.999
33,1.094613,12,315.340,584.421,-0.041119,1.000
33,1.094613,13,384.147,709.863,0.059179,0.473
33,1.094613,14,272.386,653.126,-0.060151,0.985
33,1.094613,23,307.167,772.246,0.084658,0.991
33,1.094613,24,249.384,747.393,-0.084448,0.996
33,1.094613,15,350.422,690.887,-0.216099,0.444
33,1.094613,16,336.592,683.432,-0.044957,0.965
34,1.127784,11,405.877,639.871,0.131444,0.999
34,1.127784,12,312.854,582.401,-0.046444,1.000
34,1.127784,13,384.184,696.615,0.006003,0.485
34,1.127784,14,261.237,641.458,-0.183302,0.984
34,1.127784,23,312.848,772.247,0.080445,0.992
34,1.127784,24,251.216,749.651,-0.080177,0.996
34,1.127784,15,357.082,684.993,-0.272879,0.466
34,1.127784,16,314.613,652.858,-0.411216,0.966
35,1.160954,11,407.129,636.505,0.115933,0.999
35,1.160954,12,313.404,579.989,-0.018833,1.000
35,1.160954,13,382.488,681.685,-0.025280,0.511
35,1.160954,14,250.256,631.610,-0.192644,0.983
35,1.160954,23,317.839,772.806,0.072597,0.992
35,1.160954,24,254.230,751.406,-0.072384,0.996
35,1.160954,15,342.771,642.673,-0.277405,0.502
35,1.160954,16,293.775,621.877,-0.431965,0.965
36,1.194124,11,408.774,634.169,0.128688,0.999
36,1.194124,12,314.135,580.909,0.067008,1.000
36,1.194124,13,369.045,665.879,0.028960,0.524
36,1.194124,14,240.189,620.616,-0.087333,0.981
36,1.194124,23,322.094,772.459,0.064268,0.992
36,1.194124,24,257.856,751.745,-0.064150,0.996
36,1.194124,15,317.143,615.791,-0.213679,0.526
36,1.194124,16,263.365,608.926,-0.284732,0.961
37,1.227294,11,409.566,630.486,0.192784,0.999
37,1.227294,12,311.891,580.432,0.174797,1.000
37,1.227294,13,361.434,647.384,0.092194,0.563
37,1.227294,14,236.408,616.921,0.055525,0.980
37,1.227294,23,323.989,772.148,0.056417,0.993
37,1.227294,24,260.613,751.457,-0.056405,0.997
37,1.227294,15,293.482,587.019,-0.007515,0.569
37,1.227294,16,258.026,593.215,-0.123571,0.961
38,1.260464,11,408.419,625.022,0.194316,0.999
38,1.260464,12,311.306,580.713,0.143632,1.000
38,1.260464,13,351.009,635.179,0.110595,0.589
38,1.260464,14,231.353,610.619,0.034890,0.980
38,1.260464,23,326.391,771.292,0.058959,0.993
38,1.260464,24,264.245,750.769,-0.058955,0.997
38,1.260464,15,278.446,583.811,0.018297,0.603
38,1.260464,16,254.395,573.209,-0.116138,0.961
39,1.293634,11,407.855,621.221,0.191205,0.999
39,1.293634,12,310.649,579.450,0.122564,1.000
39,1.293634,13,338.502,632.581,0.106852,0.607
39,1.293634,14,226.135,603.672,0.006034,0.980
39,1.293634,23,326.962,770.805,0.059483,0.994
39,1.293634,24,266.261,750.006,-0.059518,0.997
39,1.293634,15,270.092,568.320,0.017681,0.632
39,1.293634,16,250.266,548.891,-0.146726,0.963
40,1.326804,11,407.922,618.686,0.163342,0.999
40,1.326804,12,310.673,577.456,0.143216,1.000
40,1.326804,13,330.000,620.102,0.098986,0.628
40,1.326804,14,225.163,597.682,0.024271,0.980
40,1.326804,23,328.555,770.405,0.053731,0.994
40,1.326804,24,267.835,748.869,-0.053812,0.997
40,1.326804,15,262.477,554.658,0.015962,0.658
40,1.326804,16,246.901,537.995,-0.158517,0.963
41,1.359974,11,408.711,616.584,0.151821,0.999
41,1.359974,12,310.748,577.089,0.166906,1.000
41,1.359974,13,330.722,609.258,0.081835,0.660
41,1.359974,14,224.379,588.585,0.060749,0.980
41,1.359974,23,330.730,770.376,0.048751,0.995
41,1.359974,24,270.044,748.625,-0.048905,0.998
41,1.359974,15,255.934,539.405,0.006438,0.690
41,1.359974,16,243.194,529.293,-0.114844,0.964
42,1.393144,11,409.007,613.958,0.149175,0.999
42,1.393144,12,311.444,577.083,0.156635,1.000
42,1.393144,13,325.804,599.604,0.078409,0.687
42,1.393144,14,219.786,587.164,0.049524,0.981
42,1.393144,23,330.790,770.468,0.051498,0.995
42,1.393144,24,271.410,748.517,-0.051615,0.998
42,1.393144,15,254.529,534.313,0.013520,0.717
42,1.393144,16,238.966,520.658,-0.124139,0.964
43,1.426314,11,409.408,611.637,0.125745,0.999
43,1.426314,12,311.758,576.663,0.132057,1.000
43,1.426314,13,327.052,593.575,0.066710,0.709
43,1.426314,14,215.174,589.425,0.032324,0.981
43,1.426314,23,332.227,770.270,0.052594,0.995
43,1.426314,24,273.114,747.635,-0.052698,0.998
43,1.426314,15,253.890,528.861,0.007804,0.740
43,1.426314,16,238.527,517.898,-0.135133,0.965
44,1.459485,11,409.537,608.145,0.135844,0.999
44,1.459485,12,311.999,575.624,0.141713,1.000
44,1.459485,13,329.578,588.622,0.069804,0.731
44,1.459485,14,215.883,589.814,0.042486,0.982
44,1.459485,23,332.613,770.076,0.053809,0.996
44,1.459485,24,274.570,747.251,-0.053859,0.998
44,1.459485,15,257.280,523.714,0.024964,0.763
44,1.459485,16,238.402,515.405,-0.120289,0.966
45,1.492655,11,409.453,606.179,0.143808,0.999
45,1.492655,12,312.209,574.492,0.157078,1.000
45,1.492655,13,328.859,584.944,0.100297,0.749
45,1.492655,14,216.611,589.797,0.066171,0.983
45,1.492655,23,332.614,770.007,0.054805,0.996
45,1.492655,24,275.423,747.172,-0.054874,0.998
45,1.492655,15,252.102,520.588,0.066505,0.781
45,1.492655,16,239.714,513.075,-0.091371,0.967
46,1.525825,11,409.513,603.886,0.184014,0.999
46,1.525825,12,312.245,574.802,0.182785,1.000
46,1.525825,13,329.415,573.858,0.156172,0.768
46,1.525825,14,219.681,589.311,0.146042,0.984
46,1.525825,23,332.951,769.809,0.056112,0.996
46,1.525825,24,276.519,746.812,-0.056331,0.998
46,1.525825,15,252.907,516.945,0.156962,0.798
46,1.525825,16,243.876,515.301,0.086639,0.967
47,1.558995,11,409.544,602.167,0.177207,0.999
47,1.558995,12,312.343,573.722,0.158871,1.000
47,1.558995,13,330.470,575.359,0.130915,0.784
47,1.558995,14,221.144,590.043,0.085471,0.984
47,1.558995,23,333.166,769.793,0.056277,0.997
47,1.558995,24,277.194,746.713,-0.056436,0.998
47,1.558995,15,256.766,514.842,0.082859,0.814
47,1.558995,16,245.883,521.362,-0.007484,0.968
48,1.592165,11,409.685,602.115,0.174725,0.999
48,1.592165,12,312.413,573.929,0.155824,1.000
48,1.592165,13,330.962,575.068,0.135511,0.797
48,1.592165,14,217.925,591.998,0.070471,0.985
48,1.592165,23,333.705,769.205,0.056620,0.997
48,1.592165,24,277.303,746.225,-0.056841,0.999
48,1.592165,15,257.766,516.505,0.112157,0.827
48,1.592165,16,247.124,519.257,-0.051211,0.969
49,1.625335,11,409.681,602.518,0.184842,0.999
49,1.625335,12,312.532,574.727,0.178796,1.000
49,1.625335,13,331.358,575.550,0.154028,0.810
49,1.625335,14,218.538,592.932,0.127389,0.986
49,1.625335,23,333.736,768.442,0.056944,0.997
49,1.625335,24,277.362,745.522,-0.057166,0.999
49,1.625335,15,258.562,516.430,0.141929,0.838
49,1.625335,16,248.223,522.292,0.052529,0.969
50,1.658505,11,408.295,603.279,0.177415,0.998
50,1.658505,12,317.549,574.833,0.110920,1.000
50,1.658505,13,331.752,581.270,0.139849,0.808
50,1.658505,14,218.703,593.739,0.029197,0.986
50,1.658505,23,333.441,768.421,0.065330,0.997
50,1.658505,24,278.941,745.539,-0.065562,0.999
50,1.658505,15,259.794,523.245,0.108507,0.841
50,1.658505,16,249.178,520.797,-0.088727,0.969
51,1.691675,11,407.562,605.392,0.163770,0.998
51,1.691675,12,322.594,576.320,0.094696,1.000
51,1.691675,13,327.842,582.947,0.137705,0.806
51,1.691675,14,224.608,594.810,0.010683,0.986
51,1.691675,23,333.405,768.780,0.067843,0.997
51,1.691675,24,279.504,745.924,-0.068052,0.999
51,1.691675,15,260.271,526.450,0.127151,0.844
51,1.691675,16,254.302,523.345,-0.108823,0.969
52,1.724845,11,407.607,610.143,0.142388,0.998
52,1.724845,12,323.801,578.988,0.071057,1.000
52,1.724845,13,322.503,592.356,0.109239,0.806
52,1.724845,14,234.920,599.153,-0.033371,0.986
52,1.724845,23,329.919,771.013,0.074908,0.998
52,1.724845,24,279.323,747.929,-0.075101,0.999
52,1.724845,15,264.841,532.262,0.085672,0.851
52,1.724845,16,259.315,529.651,-0.182295,0.969
53,1.758015,11,410.348,615.882,0.171464,0.998
53,1.758015,12,323.494,582.238,0.145695,1.000
53,1.758015,13,329.080,608.516,0.112693,0.814
53,1.758015,14,234.353,611.635,0.066992,0.986
53,1.758015,23,328.594,773.265,0.073752,0.998
53,1.758015,24,279.143,748.563,-0.074036,0.999
53,1.758015,15,272.581,542.084,0.072768,0.860
53,1.758015,16,264.068,549.098,-0.061371,0.969
54,1.791186,11,409.868,624.607,0.191133,0.998
54,1.791186,12,325.019,587.017,0.105034,1.000
54,1.791186,13,338.595,627.268,0.126234,0.795
54,1.791186,14,236.886,624.333,0.026253,0.985
54,1.791186,23,326.639,773.503,0.076712,0.998
54,1.791186,24,279.281,749.229,-0.076922,0.999
54,1.791186,15,282.933,563.598,0.072543,0.850
54,1.791186,16,272.307,571.990,-0.060959,0.968
55,1.824356,11,411.186,636.417,0.205583,0.998
55,1.824356,12,326.044,591.524,0.108103,1.000
55,1.824356,13,349.018,649.836,0.116739,0.790
55,1.824356,14,243.237,639.489,0.015378,0.983
55,1.824356,23,324.767,773.843,0.077891,0.998
55,1.824356,24,279.178,750.639,-0.078090,0.999
55,1.824356,15,308.628,578.699,0.000971,0.850
55,1.824356,16,289.298,613.809,-0.069464,0.958
56,1.857526,11,411.612,644.620,0.272350,0.998
56,1.857526,12,336.481,601.718,0.038204,1.000
56,1.857526,13,382.904,688.923,0.102768,0.777
56,1.857526,14,284.226,660.312,0.008592,0.976
56,1.857526,23,321.054,774.368,0.100753,0.998
56,1.857526,24,279.563,752.124,-0.100621,0.999
56,1.857526,15,345.582,626.234,-0.134380,0.827
56,1.857526,16,356.251,672.763,0.136309,0.913
57,1.890696,11,396.353,639.611,0.270784,0.999
57,1.890696,12,360.048,610.567,-0.094935,1.000
57,1.890696,13,400.924,713.044,0.169318,0.722
57,1.890696,14,391.442,708.158,-0.025414,0.970
57,1.890696,23,313.088,774.298,0.123440,0.998
57,1.890696,24,280.444,758.051,-0.123424,0.999
57,1.890696,15,402.133,668.055,-0.042771,0.756
57,1.890696,16,400.372,677.472,0.249043,0.883
58,1.923866,11,393.812,639.439,0.274662,0.999
58,1.923866,12,359.145,611.911,-0.077457,1.000
58,1.923866,13,400.751,714.871,0.182680,0.663
58,1.923866,14,343.117,700.434,-0.053307,0.972
58,1.923866,23,309.354,772.254,0.115706,0.998
58,1.923866,24,280.423,757.652,-0.115594,0.999
58,1.923866,15,423.892,736.480,-0.053968,0.691
58,1.923866,16,406.293,732.025,0.115886,0.885
59,1.957036,11,378.197,630.443,0.275198,0.999
59,1.957036,12,370.665,612.755,-0.130594,1.000
59,1.957036,13,393.471,706.987,0.344745,0.608
59,1.957036,14,376.524,706.782,-0.143299,0.974
59,1.957036,23,290.357,761.228,0.118949,0.998
59,1.957036,24,283.448,755.051,-0.118735,0.999
59,1.957036,15,427.902,755.037,0.301085,0.639
59,1.957036,16,436.300,778.375,-0.046138,0.893
60,1.990206,11,356.472,605.322,0.258625,0.999
60,1.990206,12,392.361,612.759,-0.097454,1.000
60,1.990206,13,329.527,691.275,0.270286,0.550
60,1.990206,14,394.286,710.840,-0.106832,0.974
60,1.990206,23,271.602,753.248,0.113519,0.998
60,1.990206,24,309.394,754.876,-0.113458,0.998
60,1.990206,15,338.406,746.286,0.220924,0.577
60,1.990206,16,430.951,782.827,-0.023536,0.884
61,2.023376,11,342.496,578.729,0.252338,0.999
61,2.023376,12,417.553,611.172,-0.066427,1.000
61,2.023376,13,307.526,657.019,0.269370,0.512
61,2.023376,14,406.377,700.271,-0.039907,0.973
61,2.023376,23,271.596,744.517,0.113172,0.998
61,2.023376,24,325.646,754.460,-0.112706,0.998
61,2.023376,15,314.963,709.624,0.281113,0.523
61,2.023376,16,421.241,762.299,0.192254,0.846
62,2.056546,11,328.569,563.991,0.259047,0.999
62,2.056546,12,430.269,611.872,-0.014908,1.000
62,2.056546,13,279.503,633.589,0.295919,0.526
62,2.056546,14,414.005,701.566,0.099923,0.960
62,2.056546,23,277.352,733.214,0.107567,0.998
62,2.056546,24,337.992,751.913,-0.107569,0.999
62,2.056546,15,294.947,691.282,0.364719,0.477
62,2.056546,16,401.703,727.433,0.422201,0.773
63,2.089716,11,330.221,560.954,0.225994,0.999
63,2.089716,12,435.615,614.069,0.147873,1.000
63,2.089716,13,267.146,586.484,0.324516,0.564
63,2.089716,14,397.983,665.055,0.174855,0.892
63,2.089716,23,282.458,734.881,0.059819,0.998
63,2.089716,24,348.105,751.978,-0.059934,0.999
63,2.089716,15,297.190,593.525,0.566268,0.437
63,2.089716,16,383.728,637.279,0.287919,0.698
64,2.122887,11,333.710,558.511,0.179803,0.999
64,2.122887,12,434.456,613.091,0.233336,1.000
64,2.122887,13,256.457,586.638,0.282869,0.592
64,2.122887,14,399.073,639.048,0.246253,0.814
64,2.122887,23,285.374,732.611,-0.019454,0.998
64,2.122887,24,356.722,750.204,0.019060,0.999
64,2.122887,15,300.797,573.270,0.452107,0.406
64,2.122887,16,358.279,586.596,0.328216,0.632
65,2.156057,11,336.754,559.457,0.257806,0.999
65,2.156057,12,430.890,612.798,0.314275,1.000
65,2.156057,13,254.851,589.633,0.373861,0.616
65,2.156057,14,390.396,611.709,0.398090,0.773
65,2.156057,23,293.826,728.429,-0.007906,0.998
65,2.156057,24,362.396,746.374,0.007451,0.999
65,2.156057,15,291.755,560.539,0.592816,0.401
65,2.156057,16,324.841,558.036,0.548166,0.616
66,2.189227,11,338.660,562.547,0.210086,0.999
66,2.189227,12,428.180,607.446,0.307849,1.000
66,2.189227,13,252.659,589.842,0.308681,0.650
66,2.189227,14,367.351,583.462,0.320608,0.738
66,2.189227,23,299.626,731.273,-0.037484,0.998
66,2.189227,24,364.507,746.025,0.037225,0.999
66,2.189227,15,278.647,543.441,0.479782,0.426
66,2.189227,16,304.421,538.339,0.341764,0.615
67,2.222397,11,340.483,564.173,0.153661,0.999
67,2.222397,12,424.430,603.673,0.294688,1.000
67,2.222397,13,252.165,593.336,0.194430,0.680
67,2.222397,14,348.399,583.149,0.296261,0.703
67,2.222397,23,307.786,732.286,-0.053412,0.999
67,2.222397,24,367.696,746.189,0.053246,0.999
67,2.222397,15,270.619,538.118,0.343223,0.467
67,2.222397,16,297.757,528.916,0.289872,0.629
68,2.255567,11,341.880,565.693,0.137394,0.999
68,2.255567,12,420.187,599.580,0.309274,1.000
68,2.255567,13,253.962,597.532,0.172830,0.705
68,2.255567,14,348.862,594.180,0.297117,0.665
68,2.255567,23,315.294,732.596,-0.065671,0.999
68,2.255567,24,370.089,746.302,0.065541,0.999
68,2.255567,15,266.592,540.638,0.318479,0.502
68,2.255567,16,297.577,527.983,0.274615,0.641
69,2.288737,11,340.786,566.914,0.105324,0.999
69,2.288737,12,417.963,597.535,0.341461,1.000
69,2.288737,13,255.069,598.846,0.143861,0.728
69,2.288737,14,343.551,606.404,0.301955,0.624
69,2.288737,23,318.683,733.721,-0.091051,0.999
69,2.288737,24,374.731,746.764,0.090897,0.999
69,2.288737,15,268.148,542.283,0.318974,0.532
69,2.288737,16,296.364,535.736,0.226788,0.641
70,2.321907,11,337.476,567.380,0.064273,0.999
70,2.321907,12,416.717,591.789,0.304011,1.000
70,2.321907,13,255.126,600.935,0.102314,0.750
70,2.321907,14,331.828,605.155,0.289853,0.589
70,2.321907,23,318.486,734.340,-0.088085,0.999
70,2.321907,24,377.890,747.091,0.087812,0.999
70,2.321907,15,268.083,542.357,0.274658,0.566
70,2.321907,16,296.583,537.821,0.229394,0.641
71,2.355077,11,336.857,566.513,0.064513,0.999
71,2.355077,12,412.745,589.347,0.296523,1.000
71,2.355077,13,258.415,602.581,0.113745,0.762
71,2.355077,14,334.639,605.806,0.271278,0.555
71,2.355077,23,323.358,734.559,-0.090189,0.999
71,2.355077,24,378.582,747.012,0.090021,0.999
71,2.355077,15,272.260,546.245,0.291532,0.596
71,2.355077,16,295.554,540.370,0.194188,0.646
72,2.388247,11,344.491,566.764,0.000217,0.999
72,2.388247,12,398.955,588.698,0.279891,1.000
72,2.388247,13,261.372,603.050,0.092462,0.783
72,2.388247,14,314.799,609.978,0.303695,0.546
72,2.388247,23,328.609,734.320,-0.104269,0.999
72,2.388247,24,375.082,746.225,0.104331,0.999
72,2.388247,15,272.408,548.139,0.309032,0.625
72,2.388247,16,301.128,546.574,0.265826,0.648
73,2.421418,11,344.586,567.322,-0.000036,0.999
73,2.421418,12,397.192,587.933,0.268293,1.000
73,2.421418,13,263.091,603.712,0.096251,0.799
73,2.421418,14,322.826,612.835,0.279629,0.533
73,2.421418,23,328.253,734.526,-0.102884,0.999
73,2.421418,24,375.359,746.265,0.102873,0.999
73,2.421418,15,273.512,550.289,0.327110,0.643
73,2.421418,16,304.176,548.224,0.249180,0.645
74,2.454588,11,344.591,567.600,0.018685,0.999
74,2.454588,12,395.666,585.330,0.268609,1.000
74,2.454588,13,265.490,604.413,0.114673,0.812
74,2.454588,14,326.535,617.549,0.285509,0.523
74,2.454588,23,328.385,734.679,-0.097037,0.999
74,2.454588,24,377.112,745.579,0.097019,0.999
74,2.454588,15,275.441,549.191,0.351794,0.657
74,2.454588,16,305.932,549.218,0.257374,0.640
75,2.487758,11,350.559,567.498,0.022776,1.000
75,2.487758,12,388.666,584.239,0.311332,1.000
75,2.487758,13,276.012,604.587,0.107923,0.829
75,2.487758,14,307.763,617.883,0.312360,0.516
75,2.487758,23,331.013,734.816,-0.104236,0.999
75,2.487758,24,377.117,745.618,0.104344,0.999
75,2.487758,15,286.356,549.361,0.345764,0.683
75,2.487758,16,306.661,551.700,0.254336,0.638
76,2.520928,11,353.071,567.227,0.028196,1.000
76,2.520928,12,386.161,582.182,0.302116,1.000
76,2.520928,13,287.059,605.348,0.077348,0.840
76,2.520928,14,313.074,618.226,0.302217,0.502
76,2.520928,23,332.644,734.842,-0.099411,0.999
76,2.520928,24,376.594,745.407,0.099492,0.999
76,2.520928,15,291.550,550.178,0.260542,0.701
76,2.520928,16,307.163,550.581,0.252845,0.630
77,2.554098,11,335.610,565.153,0.066591,1.000
77,2.554098,12,387.392,580.877,0.308440,1.000
77,2.554098,13,297.750,605.794,0.123419,0.831
77,2.554098,14,340.502,616.124,0.329560,0.469
77,2.554098,23,332.579,734.968,-0.093200,0.999
77,2.554098,24,376.518,745.349,0.093235,0.999
77,2.554098,15,297.193,559.383,0.292402,0.706
77,2.554098,16,308.389,547.318,0.313111,0.619
78,2.587268,11,320.604,562.850,0.129604,1.000
78,2.587268,12,387.973,581.208,0.330598,1.000
78,2.587268,13,301.307,599.805,0.099116,0.796
78,2.587268,14,354.917,607.969,0.312545,0.433
78,2.587268,23,331.550,734.881,-0.090394,0.999
78,2.587268,24,379.301,745.103,0.090434,0.999
78,2.587268,15,316.018,572.719,0.153721,0.689
78,2.587268,16,313.407,544.886,0.284862,0.593
79,2.620438,11,318.741,560.212,0.180030,1.000
79,2.620438,12,388.885,579.226,0.353062,0.999
79,2.620438,13,309.485,600.359,0.072970,0.765
79,2.620438,14,356.225,609.682,0.234736,0.405
79,2.620438,23,331.227,733.962,-0.081130,0.999
79,2.620438,24,380.265,744.117,0.081210,0.999
79,2.620438,15,323.442,580.098,0.034630,0.682
79,2.620438,16,313.417,546.445,0.071135,0.578
80,2.653608,11,321.338,563.348,0.085632,1.000
80,2.653608,12,384.849,579.640,0.330543,0.999
80,2.653608,13,313.118,601.315,0.087683,0.779
80,2.653608,14,354.005,610.653,0.373427,0.384
80,2.653608,23,330.827,733.261,-0.083268,0.999
80,2.653608,24,379.710,743.952,0.083398,0.999
80,2.653608,15,319.716,581.307,0.171212,0.696
80,2.653608,16,312.262,547.171,0.395160,0.561
81,2.686778,11,323.641,568.489,0.081794,1.000
81,2.686778,12,385.703,580.862,0.327846,0.999
81,2.686778,13,309.849,600.116,0.146309,0.774
81,2.686778,14,349.827,606.297,0.449242,0.364
81,2.686778,23,330.466,733.329,-0.078661,0.999
81,2.686778,24,379.852,743.967,0.078654,0.999
81,2.686778,15,311.290,568.690,0.344930,0.697
81,2.686778,16,312.362,547.509,0.606511,0.534
82,2.719948,11,329.394,568.754,0.028982,1.000
82,2.719948,12,386.438,581.139,0.324598,0.999
82,2.719948,13,306.966,600.065,0.077841,0.782
82,2.719948,14,344.994,607.036,0.458398,0.343
82,2.719948,23,330.159,732.251,-0.089766,0.999
82,2.719948,24,379.624,743.833,0.089774,0.999
82,2.719948,15,304.436,560.609,0.319829,0.708
82,2.719948,16,311.148,546.946,0.574834,0.513
83,2.753119,11,333.041,568.996,0.042337,1.000
83,2.753119,12,386.627,579.707,0.325544,0.999
83,2.753119,13,305.326,596.522,0.089664,0.792
83,2.753119,14,350.187,599.072,0.486725,0.328
83,2.753119,23,329.979,732.037,-0.091738,0.999
83,2.753119,24,379.551,743.232,0.091699,0.999
83,2.753119,15,294.792,553.438,0.333396,0.721
83,2.753119,16,310.714,543.874,0.629652,0.490
84,2.786289,11,338.686,568.985,0.029068,1.000
84,2.786289,12,387.433,579.787,0.323324,0.999
84,2.786289,13,303.978,596.979,0.095136,0.802
84,2.786289,14,335.318,599.731,0.452399,0.315
84,2.786289,23,329.852,731.733,-0.091402,0.999
84,2.786289,24,379.439,743.141,0.091393,0.999
84,2.786289,15,292.786,551.513,0.324118,0.729
84,2.786289,16,308.301,544.136,0.549557,0.476
85,2.819459,11,343.704,569.436,-0.003142,1.000
85,2.819459,12,387.919,579.501,0.324351,0.999
85,2.819459,13,299.157,594.412,0.056970,0.814
85,2.819459,14,335.896,612.335,0.454738,0.298
85,2.819459,23,330.710,731.913,-0.101552,0.999
85,2.819459,24,379.039,743.163,0.101521,0.999
85,2.819459,15,288.676,546.226,0.297115,0.740
85,2.819459,16,307.819,544.611,0.537573,0.455
86,2.852629,11,343.609,570.295,0.025209,1.000
86,2.852629,12,388.260,579.619,0.312525,0.999
86,2.852629,13,290.345,591.071,0.107990,0.820
86,2.852629,14,339.455,598.725,0.451618,0.290
86,2.852629,23,330.645,732.639,-0.100309,0.999
86,2.852629,24,378.836,743.354,0.100365,0.999
86,2.852629,15,287.984,546.733,0.355306,0.749
86,2.852629,16,304.473,542.248,0.574869,0.439
87,2.885799,11,344.622,570.310,0.018037,1.000
87,2.885799,12,386.531,579.674,0.312642,0.999
87,2.885799,13,290.056,591.559,0.101664,0.832
87,2.885799,14,326.459,602.154,0.439112,0.285
87,2.885799,23,330.601,732.591,-0.099010,1.000
87,2.885799,24,377.657,743.361,0.099046,0.999
87,2.885799,15,286.564,542.780,0.333096,0.759
87,2.885799,16,302.971,542.357,0.529533,0.432
88,2.918969,11,345.865,570.156,0.018410,1.000
88,2.918969,12,383.989,579.677,0.320585,0.999
88,2.918969,13,290.235,592.560,0.075299,0.843
88,2.918969,14,318.872,604.491,0.451182,0.272
88,2.918969,23,330.621,732.610,-0.097849,1.000
88,2.918969,24,376.898,743.339,0.097907,0.999
88,2.918969,15,282.159,542.244,0.287087,0.772
88,2.918969,16,299.283,541.465,0.535779,0.419
89,2.952139,11,344.640,570.137,0.018254,1.000
89,2.952139,12,384.611,579.599,0.308886,0.999
89,2.952139,13,290.115,594.266,0.077324,0.849
89,2.952139,14,320.831,606.511,0.441482,0.261
89,2.952139,23,330.552,732.297,-0.097215,1.000
89,2.952139,24,376.853,742.751,0.097308,0.999
89,2.952139,15,278.848,540.176,0.317450,0.779
89,2.952139,16,298.145,541.415,0.541853,0.405
90,2.985309,11,344.209,570.119,0.033855,1.000
90,2.985309,12,385.063,579.232,0.318831,1.000
90,2.985309,13,288.406,595.610,0.104475,0.856
90,2.985309,14,330.028,609.136,0.456770,0.256
90,2.985309,23,329.918,732.524,-0.092116,1.000
90,2.985309,24,376.823,742.785,0.092145,0.999
90,2.985309,15,277.790,541.123,0.326754,0.791
90,2.985309,16,298.738,540.916,0.566004,0.395
91,3.018479,11,344.228,570.105,0.029264,1.000
91,3.018479,12,383.743,579.246,0.319124,1.000
91,3.018479,13,288.639,596.331,0.104594,0.863
91,3.018479,14,324.590,609.565,0.449390,0.251
91,3.018479,23,329.895,733.162,-0.091853,1.000
91,3.018479,24,376.719,743.761,0.091878,0.999
91,3.018479,15,278.129,541.999,0.338588,0.799
91,3.018479,16,296.519,541.494,0.543301,0.389
92,3.051649,11,340.218,570.725,0.015462,1.000
92,3.051649,12,383.803,579.265,0.284962,1.000
92,3.051649,13,286.676,597.041,0.085467,0.864
92,3.051649,14,322.370,608.095,0.414668,0.246
92,3.051649,23,328.988,732.796,-0.091038,1.000
92,3.051649,24,376.695,743.488,0.090984,0.999
92,3.051649,15,275.926,542.495,0.298867,0.800
92,3.051649,16,295.910,541.817,0.535007,0.385
93,3.084820,11,340.369,570.222,0.012529,1.000
93,3.084820,12,383.706,579.248,0.293219,1.000
93,3.084820,13,286.893,599.915,0.087348,0.870
93,3.084820,14,321.712,608.451,0.431972,0.238
93,3.084820,23,328.860,732.945,-0.091071,1.000
93,3.084820,24,376.240,743.562,0.091033,0.999
93,3.084820,15,274.945,542.646,0.314755,0.806
93,3.084820,16,295.205,543.043,0.532127,0.374
94,3.117990,11,340.292,569.747,0.013011,1.000
94,3.117990,12,384.101,579.023,0.310215,1.000
94,3.117990,13,286.312,599.940,0.110608,0.874
94,3.117990,14,322.096,610.223,0.453560,0.229
94,3.117990,23,328.765,732.746,-0.090604,1.000
94,3.117990,24,376.239,743.561,0.090578,0.999
94,3.117990,15,275.084,544.127,0.362805,0.806
94,3.117990,16,295.316,544.858,0.557289,0.357
95,3.151160,11,340.270,569.504,0.013585,1.000
95,3.151160,12,384.034,578.348,0.319409,1.000
95,3.151160,13,285.487,601.331,0.111392,0.879
95,3.151160,14,321.744,611.055,0.460178,0.226
95,3.151160,23,328.778,730.784,-0.088719,1.000
95,3.151160,24,376.386,742.258,0.088750,0.999
95,3.151160,15,274.060,544.293,0.361508,0.813
95,3.151160,16,292.869,545.605,0.564941,0.350
96,3.184330,11,337.698,569.443,0.017356,1.000
96,3.184330,12,384.122,578.363,0.315781,1.000
96,3.184330,13,283.934,600.626,0.109994,0.881
96,3.184330,14,320.914,611.204,0.453999,0.224
96,3.184330,23,328.512,731.370,-0.087738,1.000
96,3.184330,24,376.443,742.626,0.087742,0.999
96,3.184330,15,272.888,544.359,0.350282,0.815
96,3.184330,16,291.700,548.702,0.559627,0.344
97,3.217500,11,337.725,569.710,0.016453,1.000
97,3.217500,12,384.270,579.400,0.298761,1.000
97,3.217500,13,284.589,600.844,0.109868,0.885
97,3.217500,14,320.901,609.923,0.439598,0.223
97,3.217500,23,328.490,731.407,-0.084795,1.000
97,3.217500,24,374.148,742.443,0.084750,0.999
97,3.217500,15,272.680,546.230,0.348130,0.816
97,3.217500,16,290.671,548.706,0.556508,0.337
98,3.250670,11,337.754,569.784,0.025438,1.000
98,3.250670,12,383.956,578.780,0.300832,1.000
98,3.250670,13,283.595,602.665,0.115664,0.888
98,3.250670,14,318.239,608.661,0.432243,0.225
98,3.250670,23,328.587,731.427,-0.083383,1.000
98,3.250670,24,374.164,742.456,0.083326,0.999
98,3.250670,15,270.046,546.603,0.355496,0.822
98,3.250670,16,288.775,548.440,0.530484,0.340
99,3.283840,11,331.574,570.583,0.045463,1.000
99,3.283840,12,384.616,578.896,0.297152,1.000
99,3.283840,13,280.526,602.478,0.138048,0.883
99,3.283840,14,318.685,603.549,0.434542,0.218
99,3.283840,23,327.638,732.176,-0.078772,1.000
99,3.283840,24,374.609,742.495,0.078588,1.000
99,3.283840,15,264.856,544.499,0.362044,0.824
99,3.283840,16,289.028,547.767,0.566829,0.329
100,3.317010,11,331.681,570.794,0.019696,1.000
100,3.317010,12,384.681,579.467,0.295900,1.000
100,3.317010,13,280.893,602.797,0.093648,0.885
100,3.317010,14,318.988,603.611,0.433083,0.214
100,3.317010,23,327.640,732.771,-0.080086,1.000
100,3.317010,24,374.738,742.885,0.079930,1.000
100,3.317010,15,266.000,544.819,0.311078,0.825
100,3.317010,16,289.412,547.985,0.558652,0.322
101,3.350180,11,331.464,570.788,0.032478,1.000
101,3.350180,12,384.858,579.567,0.297317,1.000
101,3.350180,13,280.150,602.800,0.102782,0.886
101,3.350180,14,319.099,602.927,0.442619,0.212
101,3.350180,23,327.641,732.836,-0.080098,1.000
101,3.350180,24,375.590,742.874,0.079947,1.000
101,3.350180,15,265.207,545.874,0.319508,0.830
101,3.350180,16,289.450,547.680,0.574318,0.317
102,3.383351,11,327.142,570.903,0.040602,1.000
102,3.383351,12,387.049,579.484,0.301078,1.000
102,3.383351,13,279.421,602.881,0.129509,0.880
102,3.383351,14,324.496,603.217,0.463417,0.207
102,3.383351,23,327.355,733.258,-0.080321,1.000
102,3.383351,24,376.482,743.132,0.080182,1.000
102,3.383351,15,265.343,545.888,0.354746,0.826
102,3.383351,16,290.656,547.750,0.615973,0.306
103,3.416521,11,331.090,571.018,0.039672,1.000
103,3.416521,12,385.112,580.125,0.301023,1.000
103,3.416521,13,282.272,602.869,0.125542,0.886
103,3.416521,14,323.190,603.384,0.442220,0.210
103,3.416521,23,327.645,732.700,-0.080127,1.000
103,3.416521,24,375.296,743.036,0.080027,1.000
103,3.416521,15,266.453,546.167,0.351672,0.831
103,3.416521,16,290.516,547.763,0.538800,0.311
104,3.449691,11,331.365,571.001,0.037641,1.000
104,3.449691,12,385.133,580.711,0.306060,1.000
104,3.449691,13,282.359,602.909,0.100118,0.888
104,3.449691,14,322.457,603.503,0.453267,0.210
104,3.449691,23,327.635,733.195,-0.082818,1.000
104,3.449691,24,375.659,743.698,0.082755,1.000
104,3.449691,15,267.178,547.418,0.303650,0.835
104,3.449691,16,290.618,547.058,0.567767,0.312
105,3.482861,11,332.092,571.043,0.031219,1.000
105,3.482861,12,385.343,581.318,0.309632,1.000
105,3.482861,13,284.813,602.905,0.071715,0.891
105,3.482861,14,322.470,603.931,0.448326,0.206
105,3.482861,23,327.621,732.780,-0.084046,1.000
105,3.482861,24,375.925,743.393,0.084006,1.000
105,3.482861,15,268.815,547.515,0.260570,0.840
105,3.482861,16,291.708,547.974,0.546862,0.311
106,3.516031,11,329.466,571.391,0.067250,1.000
106,3.516031,12,386.713,581.390,0.299940,1.000
106,3.516031,13,283.066,602.714,0.155667,0.886
106,3.516031,14,335.669,601.692,0.448155,0.205
106,3.516031,23,327.500,732.785,-0.072925,1.000
106,3.516031,24,376.975,743.091,0.072682,1.000
106,3.516031,15,268.714,555.278,0.370185,0.841
106,3.516031,16,292.733,547.176,0.588280,0.309
107,3.549201,11,329.536,571.491,0.028619,1.000
107,3.549201,12,387.515,581.578,0.291705,1.000
107,3.549201,13,283.188,602.581,0.108363,0.880
107,3.549201,14,329.776,606.962,0.431139,0.202
107,3.549201,23,327.455,733.987,-0.075598,1.000
107,3.549201,24,377.198,743.807,0.075298,1.000
107,3.549201,15,269.770,553.107,0.316830,0.835
107,3.549201,16,293.687,548.075,0.554292,0.304
108,3.582371,11,329.836,571.749,0.012152,1.000
108,3.582371,12,391.201,582.258,0.293434,1.000
108,3.582371,13,281.479,600.768,0.088537,0.880
108,3.582371,14,340.619,608.670,0.445504,0.197
108,3.582371,23,327.250,734.228,-0.080762,1.000
108,3.582371,24,377.814,744.332,0.080434,1.000
108,3.582371,15,271.154,550.688,0.308899,0.834
108,3.582371,16,298.592,548.314,0.585876,0.294
109,3.615541,11,328.998,571.818,0.016627,1.000
109,3.615541,12,391.815,582.087,0.298036,1.000
109,3.615541,13,280.488,599.359,0.092875,0.879
109,3.615541,14,343.820,608.669,0.457293,0.193
109,3.615541,23,327.407,733.762,-0.085320,1.000
109,3.615541,24,379.094,744.303,0.085077,1.000
109,3.615541,15,271.253,549.865,0.311609,0.832
109,3.615541,16,300.171,547.533,0.595236,0.286
110,3.648711,11,331.255,571.749,0.011403,1.000
110,3.648711,12,391.833,582.157,0.317807,1.000
110,3.648711,13,279.704,598.415,0.081938,0.881
110,3.648711,14,335.414,608.691,0.465913,0.190
110,3.648711,23,327.586,733.574,-0.091171,1.000
110,3.648711,24,379.708,744.261,0.091001,1.000
110,3.648711,15,271.087,545.604,0.302373,0.833
110,3.648711,16,299.188,547.575,0.591382,0.283
111,3.681881,11,325.450,571.822,0.100763,1.000
111,3.681881,12,391.789,582.161,0.303834,1.000
111,3.681881,13,277.323,596.548,0.232301,0.870
111,3.681881,14,340.863,605.573,0.464950,0.190
111,3.681881,23,327.469,734.078,-0.072202,1.000
111,3.681881,24,380.354,744.502,0.071916,1.000
111,3.681881,15,269.807,553.094,0.480554,0.829
111,3.681881,16,299.092,546.863,0.621491,0.279
112,3.715052,11,331.668,572.476,0.033983,1.000
112,3.715052,12,391.736,582.344,0.297691,1.000
112,3.715052,13,280.059,598.736,0.104140,0.874
112,3.715052,14,330.868,605.566,0.422289,0.193
112,3.715052,23,327.568,733.929,-0.072718,1.000
112,3.715052,24,380.267,744.554,0.072365,1.000
112,3.715052,15,271.248,550.423,0.323650,0.828
112,3.715052,16,299.043,546.911,0.513615,0.286
113,3.748222,11,338.414,572.499,0.032103,1.000
113,3.748222,12,389.485,583.523,0.313777,1.000
113,3.748222,13,284.621,598.749,0.106427,0.879
113,3.748222,14,328.202,609.909,0.445755,0.193
113,3.748222,23,328.460,733.945,-0.076855,1.000
113,3.748222,24,380.064,744.636,0.076726,1.000
113,3.748222,15,273.343,549.101,0.324226,0.834
113,3.748222,16,298.466,547.356,0.537316,0.289
114,3.781392,11,339.239,572.052,0.037780,1.000
114,3.781392,12,388.521,583.515,0.317804,1.000
114,3.781392,13,284.753,598.762,0.114398,0.884
114,3.781392,14,318.719,607.994,0.438401,0.204
114,3.781392,23,328.925,733.768,-0.080268,1.000
114,3.781392,24,380.021,744.495,0.080252,1.000
114,3.781392,15,274.438,548.578,0.336708,0.842
114,3.781392,16,296.562,547.154,0.512881,0.309
115,3.814562,11,339.147,572.803,0.026806,1.000
115,3.814562,12,389.913,584.037,0.310275,1.000
115,3.814562,13,284.831,598.810,0.109507,0.881
115,3.814562,14,320.186,607.913,0.440112,0.203
115,3.814562,23,328.881,735.312,-0.080887,1.000
115,3.814562,24,380.500,745.890,0.080840,1.000
115,3.814562,15,275.369,547.256,0.327406,0.837
115,3.814562,16,299.104,547.156,0.535649,0.305
116,3.847732,11,338.794,572.859,0.002457,1.000
116,3.847732,12,391.304,584.550,0.303905,1.000
116,3.847732,13,284.853,598.844,0.078321,0.883
116,3.847732,14,320.712,608.143,0.440434,0.200
116,3.847732,23,328.940,735.301,-0.085838,1.000
116,3.847732,24,380.494,745.886,0.085761,1.000
116,3.847732,15,275.614,545.766,0.304325,0.835
116,3.847732,16,299.534,547.212,0.542986,0.301
117,3.880902,11,336.672,572.836,0.043940,1.000
117,3.880902,12,392.362,584.542,0.299702,1.000
117,3.880902,13,284.203,598.838,0.135108,0.880
117,3.880902,14,336.303,606.016,0.440823,0.199
117,3.880902,23,329.029,735.273,-0.079735,1.000
117,3.880902,24,380.617,745.808,0.079560,1.000
117,3.880902,15,275.992,550.330,0.357719,0.839
117,3.880902,16,299.770,546.253,0.569827,0.299
118,3.914072,11,337.186,572.503,0.032900,1.000
118,3.914072,12,392.491,583.894,0.299876,1.000
118,3.914072,13,284.238,598.403,0.119160,0.884
118,3.914072,14,333.605,605.982,0.434309,0.202
118,3.914072,23,329.479,735.110,-0.079924,1.000
118,3.914072,24,380.609,745.782,0.079762,1.000
118,3.914072,15,276.073,548.394,0.348738,0.841
118,3.914072,16,299.280,545.116,0.538865,0.302
119,3.947242,11,343.563,572.499,0.037054,1.000
119,3.947242,12,389.082,583.931,0.331544,1.000
119,3.947242,13,287.383,598.411,0.121789,0.891
119,3.947242,14,321.769,605.785,0.454454,0.203
119,3.947242,23,330.658,734.753,-0.084720,1.000
119,3.947242,24,378.082,745.542,0.084747,1.000
119,3.947242,15,277.958,548.152,0.365964,0.847
119,3.947242,16,296.515,545.691,0.533999,0.306
120,3.980412,11,342.788,572.499,0.033981,1.000
120,3.980412,12,389.268,583.958,0.324406,1.000
120,3.980412,13,287.412,598.356,0.113201,0.894
120,3.980412,14,321.834,605.781,0.456581,0.205
120,3.980412,23,330.640,734.650,-0.084935,1.000
120,3.980412,24,378.121,745.521,0.084948,1.000
120,3.980412,15,277.867,546.915,0.352257,0.851
120,3.980412,16,296.521,545.699,0.556178,0.306
121,4.013582,11,344.146,572.364,0.012113,1.000
121,4.013582,12,388.070,584.237,0.320948,1.000
121,4.013582,13,287.295,597.642,0.082941,0.898
121,4.013582,14,319.374,607.274,0.450911,0.201
121,4.013582,23,331.198,734.107,-0.089721,1.000
121,4.013582,24,378.152,745.515,0.089743,1.000
121,4.013582,15,277.944,546.380,0.319050,0.850
121,4.013582,16,296.086,546.076,0.533161,0.302
122,4.046753,11,344.185,571.999,0.013154,1.000
122,4.046753,12,387.350,584.322,0.329066,1.000
122,4.046753,13,287.411,595.309,0.079783,0.903
122,4.046753,14,317.552,606.534,0.452818,0.206
122,4.046753,23,331.635,733.769,-0.090938,1.000
122,4.046753,24,378.321,745.507,0.090956,1.000
122,4.046753,15,278.506,545.294,0.298417,0.855
122,4.046753,16,296.092,546.089,0.534640,0.313
123,4.079923,11,343.899,571.997,0.011096,1.000
123,4.079923,12,388.108,584.335,0.327623,1.000
123,4.079923,13,287.348,595.549,0.072501,0.903
123,4.079923,14,317.854,606.534,0.452447,0.203
123,4.079923,23,331.623,734.181,-0.092669,1.000
123,4.079923,24,378.437,745.973,0.092619,1.000
123,4.079923,15,278.507,544.555,0.282825,0.856
123,4.079923,16,296.165,546.256,0.542305,0.316
124,4.113093,11,338.234,572.920,0.029754,1.000
124,4.113093,12,390.169,585.628,0.286349,1.000
124,4.113093,13,286.113,595.241,0.112001,0.896
124,4.113093,14,321.779,597.159,0.426679,0.205
124,4.113093,23,331.409,734.687,-0.081284,1.000
124,4.113093,24,378.572,746.068,0.080995,1.000
124,4.113093,15,275.951,543.571,0.330519,0.851
124,4.113093,16,296.437,545.339,0.545376,0.315
125,4.146263,11,336.353,573.018,0.039486,1.000
125,4.146263,12,391.228,586.089,0.263612,1.000
125,4.146263,13,284.033,594.170,0.137386,0.892
125,4.146263,14,321.874,596.529,0.378727,0.218
125,4.146263,23,330.809,734.933,-0.075370,1.000
125,4.146263,24,378.583,746.146,0.075111,1.000
125,4.146263,15,275.968,542.889,0.360233,0.846
125,4.146263,16,297.925,544.072,0.476921,0.333
126,4.179433,11,334.744,573.839,0.036344,1.000
126,4.179433,12,393.308,586.367,0.261254,1.000
126,4.179433,13,282.403,594.436,0.128411,0.885
126,4.179433,14,338.077,597.792,0.384551,0.222
126,4.179433,23,329.642,735.328,-0.076015,1.000
126,4.179433,24,378.865,746.172,0.075741,1.000
126,4.179433,15,275.814,542.787,0.351910,0.838
126,4.179433,16,301.733,543.693,0.492267,0.340
127,4.212603,11,334.823,573.738,0.033311,1.000
127,4.212603,12,392.955,585.274,0.269085,1.000
127,4.212603,13,281.050,593.708,0.114965,0.887
127,4.212603,14,338.558,597.869,0.386085,0.222
127,4.212603,23,329.580,735.325,-0.079668,1.000
127,4.212603,24,378.864,746.169,0.079383,1.000
127,4.212603,15,274.757,542.799,0.333976,0.840
127,4.212603,16,299.925,542.831,0.501939,0.341
128,4.245773,11,333.543,573.729,0.033732,1.000
128,4.245773,12,393.022,584.033,0.277169,1.000
128,4.245773,13,280.411,593.666,0.127673,0.886
128,4.245773,14,340.197,598.118,0.406363,0.224
128,4.245773,23,329.222,735.017,-0.079890,1.000
128,4.245773,24,378.885,745.817,0.079625,1.000
128,4.245773,15,273.602,542.695,0.361897,0.839
128,4.245773,16,299.524,542.470,0.542941,0.342
129,4.278943,11,333.676,574.102,0.020810,1.000
129,4.278943,12,393.238,584.107,0.305956,1.000
129,4.278943,13,280.313,594.974,0.102771,0.886
129,4.278943,14,330.789,599.629,0.446955,0.219
129,4.278943,23,329.201,735.028,-0.087172,1.000
129,4.278943,24,379.347,745.905,0.086982,1.000
129,4.278943,15,273.366,542.193,0.335407,0.838
129,4.278943,16,298.426,543.411,0.559100,0.336
130,4.312113,11,331.090,573.922,0.073239,1.000
130,4.312113,12,395.055,584.385,0.306356,1.000
130,4.312113,13,277.657,595.339,0.197928,0.876
130,4.312113,14,330.743,600.109,0.456976,0.212
130,4.312113,23,328.538,735.449,-0.081664,1.000
130,4.312113,24,379.489,746.153,0.081423,1.000
130,4.312113,15,270.298,542.916,0.449805,0.831
130,4.312113,16,297.521,543.934,0.611113,0.323
131,4.345284,11,331.437,573.650,0.068283,1.000
131,4.345284,12,394.785,583.842,0.308573,1.000
131,4.345284,13,277.590,595.435,0.190693,0.880
131,4.345284,14,329.818,601.889,0.456798,0.211
131,4.345284,23,328.553,735.282,-0.081695,1.000
131,4.345284,24,379.477,746.100,0.081461,1.000
131,4.345284,15,269.326,542.920,0.409435,0.836
131,4.345284,16,296.061,544.122,0.588513,0.317
132,4.378454,11,331.376,573.637,0.067126,1.000
132,4.378454,12,394.754,583.926,0.295414,1.000
132,4.378454,13,277.876,595.554,0.171176,0.878
132,4.378454,14,327.483,599.565,0.427934,0.218
132,4.378454,23,328.302,735.048,-0.075099,1.000
132,4.378454,24,379.477,745.635,0.074889,1.000
132,4.378454,15,269.469,543.584,0.400137,0.837
132,4.378454,16,294.129,544.071,0.556983,0.323
133,4.411624,11,328.749,573.446,0.059371,1.000
133,4.411624,12,393.781,583.933,0.293101,1.000
133,4.411624,13,277.365,595.765,0.164493,0.875
133,4.411624,14,326.320,600.715,0.428629,0.217
133,4.411624,23,328.233,735.045,-0.075655,1.000
133,4.411624,24,379.474,745.516,0.075447,1.000
133,4.411624,15,268.087,543.734,0.402856,0.834
133,4.411624,16,292.393,544.926,0.559145,0.318
134,4.444794,11,328.362,573.460,0.060142,1.000
134,4.444794,12,392.009,583.967,0.283957,1.000
134,4.444794,13,277.430,594.708,0.160431,0.871
134,4.444794,14,323.770,601.285,0.409452,0.225
134,4.444794,23,327.142,734.902,-0.070472,1.000
134,4.444794,24,379.431,745.513,0.070184,1.000
134,4.444794,15,268.123,542.537,0.394667,0.830
134,4.444794,16,292.499,544.877,0.532997,0.329
135,4.477964,11,328.585,573.479,0.032176,1.000
135,4.477964,12,391.598,584.012,0.285579,1.000
135,4.477964,13,277.710,595.503,0.112849,0.872
135,4.477964,14,322.856,599.384,0.414779,0.225
135,4.477964,23,327.151,734.853,-0.073812,1.000
135,4.477964,24,379.435,745.420,0.073510,1.000
135,4.477964,15,268.159,542.707,0.338596,0.825
135,4.477964,16,292.024,545.520,0.537280,0.326
136,4.511134,11,328.738,573.424,0.033690,1.000
136,4.511134,12,391.528,584.015,0.277031,1.000
136,4.511134,13,278.172,596.411,0.117145,0.869
136,4.511134,14,322.493,598.672,0.397114,0.227
136,4.511134,23,326.815,735.207,-0.074301,1.000
136,4.511134,24,379.403,745.488,0.074017,1.000
136,4.511134,15,268.188,543.074,0.339053,0.823
136,4.511134,16,291.402,545.644,0.508341,0.331
137,4.544304,11,328.877,573.377,0.031418,1.000
137,4.544304,12,390.999,584.297,0.299893,1.000
137,4.544304,13,276.712,595.189,0.113576,0.874
137,4.544304,14,322.641,598.793,0.446087,0.224
137,4.544304,23,326.832,734.772,-0.082797,1.000
137,4.544304,24,379.338,745.472,0.082626,1.000
137,4.544304,15,265.491,543.017,0.342379,0.825
137,4.544304,16,291.167,547.073,0.572125,0.324
138,4.577474,11,324.673,573.571,0.032127,1.000
138,4.577474,12,390.923,584.294,0.271523,1.000
138,4.577474,13,275.987,596.123,0.117321,0.867
138,4.577474,14,322.383,602.169,0.399475,0.222
138,4.577474,23,326.399,734.907,-0.081179,1.000
138,4.577474,24,379.358,745.593,0.080944,1.000
138,4.577474,15,264.471,543.022,0.346918,0.817
138,4.577474,16,291.710,547.622,0.520950,0.322
139,4.610644,11,324.815,573.956,0.035940,1.000
139,4.610644,12,391.711,584.615,0.294319,1.000
139,4.610644,13,275.379,596.818,0.118241,0.865
139,4.610644,14,331.155,607.405,0.435355,0.223
139,4.610644,23,325.727,735.330,-0.083731,1.000
139,4.610644,24,379.362,746.206,0.083484,1.000
139,4.610644,15,264.701,543.121,0.348279,0.816
139,4.610644,16,292.609,547.347,0.558943,0.330
140,4.643814,11,325.108,574.153,0.043927,1.000
140,4.643814,12,391.377,585.689,0.285409,1.000
140,4.643814,13,275.858,597.077,0.134255,0.861
140,4.643814,14,327.983,605.003,0.417059,0.225
140,4.643814,23,325.281,735.457,-0.081777,1.000
140,4.643814,24,379.217,746.213,0.081535,1.000
140,4.643814,15,265.210,547.474,0.357130,0.811
140,4.643814,16,292.322,547.360,0.540795,0.334
141,4.676985,11,324.758,574.330,0.057298,1.000
141,4.676985,12,391.346,585.903,0.286209,1.000
141,4.676985,13,275.850,597.085,0.155779,0.853
141,4.676985,14,327.420,604.328,0.441632,0.216
141,4.676985,23,325.107,736.000,-0.077026,1.000
141,4.676985,24,379.299,746.356,0.076740,1.000
141,4.676985,15,263.262,547.274,0.377234,0.811
141,4.676985,16,291.611,547.345,0.599934,0.318
142,4.710155,11,324.822,574.142,0.032014,1.000
142,4.710155,12,390.820,585.898,0.287441,1.000
142,4.710155,13,275.519,597.804,0.107809,0.854
142,4.710155,14,324.147,605.785,0.435792,0.215
142,4.710155,23,324.846,735.935,-0.081900,1.000
142,4.710155,24,379.266,746.356,0.081601,1.000
142,4.710155,15,262.846,547.091,0.324507,0.811
142,4.710155,16,291.273,547.533,0.551982,0.321
143,4.743325,11,325.308,574.263,0.038136,1.000
143,4.743325,12,390.138,585.950,0.265994,1.000
143,4.743325,13,276.468,598.762,0.130060,0.851
143,4.743325,14,322.336,603.489,0.396854,0.220
143,4.743325,23,324.829,735.933,-0.072057,1.000
143,4.743325,24,378.359,746.113,0.071800,1.000
143,4.743325,15,263.479,547.818,0.353103,0.808
143,4.743325,16,288.839,547.749,0.521006,0.323
144,4.776495,11,326.291,574.263,0.037544,1.000
144,4.776495,12,389.269,585.942,0.271308,1.000
144,4.776495,13,277.514,599.206,0.130165,0.852
144,4.776495,14,321.397,605.233,0.397451,0.222
144,4.776495,23,324.955,735.385,-0.072794,1.000
144,4.776495,24,377.989,745.159,0.072551,1.000
144,4.776495,15,264.434,548.387,0.360880,0.804
144,4.776495,16,288.100,548.269,0.510143,0.322
145,4.809665,11,326.555,574.174,0.035119,1.000
145,4.809665,12,389.287,585.884,0.283007,1.000
145,4.809665,13,277.001,599.249,0.120790,0.851
145,4.809665,14,320.950,605.759,0.411195,0.219
145,4.809665,23,324.901,736.627,-0.081721,1.000
145,4.809665,24,377.927,745.885,0.081529,1.000
145,4.809665,15,264.388,548.338,0.337697,0.805
145,4.809665,16,288.190,548.662,0.515323,0.320
146,4.842835,11,331.005,574.173,0.031624,1.000
146,4.842835,12,388.862,585.098,0.291369,1.000
146,4.842835,13,277.165,597.851,0.119165,0.858
146,4.842835,14,320.556,606.350,0.418010,0.221
146,4.842835,23,325.664,734.117,-0.078712,1.000
146,4.842835,24,377.157,744.461,0.078603,1.000
146,4.842835,15,265.245,548.281,0.353383,0.808
146,4.842835,16,288.003,549.410,0.521276,0.317
147,4.876005,11,327.302,574.056,0.053115,1.000
147,4.876005,12,388.888,584.942,0.291130,1.000
147,4.876005,13,276.509,597.845,0.160359,0.850
147,4.876005,14,320.130,606.286,0.419016,0.221
147,4.876005,23,325.686,734.186,-0.078995,1.000
147,4.876005,24,377.244,744.773,0.078872,1.000
147,4.876005,15,265.263,548.224,0.400418,0.802
147,4.876005,16,287.428,549.615,0.542076,0.317
148,4.909175,11,329.714,574.192,0.022137,1.000
148,4.909175,12,388.481,585.416,0.296211,1.000
148,4.909175,13,276.992,596.805,0.103915,0.858
148,4.909175,14,319.833,607.428,0.420583,0.225
148,4.909175,23,325.905,734.207,-0.083083,1.000
148,4.909175,24,377.108,745.408,0.082966,1.000
148,4.909175,15,266.048,548.103,0.340393,0.801
148,4.909175,16,289.695,549.934,0.518394,0.323
149,4.942345,11,327.109,574.424,0.066185,1.000
149,4.942345,12,388.438,586.106,0.295394,1.000
149,4.942345,13,273.628,596.230,0.175099,0.854
149,4.942345,14,320.172,598.475,0.430677,0.221
149,4.942345,23,325.874,735.116,-0.079241,1.000
149,4.942345,24,377.205,745.747,0.079007,1.000
149,4.942345,15,264.652,548.004,0.416869,0.800
149,4.942345,16,289.751,549.167,0.570198,0.316
150,4.975515,11,326.745,574.439,0.053067,1.000
150,4.975515,12,388.365,587.241,0.299930,1.000
150,4.975515,13,273.340,595.133,0.145022,0.855
150,4.975515,14,319.998,602.040,0.436493,0.222
150,4.975515,23,325.509,735.157,-0.082020,1.000
150,4.975515,24,377.215,745.963,0.081772,1.000
150,4.975515,15,264.695,547.621,0.380014,0.797
150,4.975515,16,289.673,549.864,0.564999,0.319
151,5.008686,11,326.764,574.458,0.042990,1.000
151,5.008686,12,388.189,587.942,0.298842,1.000
151,5.008686,13,273.896,594.481,0.126541,0.862
151,5.008686,14,319.390,604.484,0.429815,0.229
151,5.008686,23,325.669,735.134,-0.082652,1.000
151,5.008686,24,377.007,745.960,0.082430,1.000
151,5.008686,15,264.731,548.927,0.357399,0.799
151,5.008686,16,288.255,551.086,0.533585,0.328
152,5.041856,11,324.459,574.543,0.076495,1.000
152,5.041856,12,389.266,587.947,0.297154,1.000
152,5.041856,13,271.178,594.510,0.173943,0.857
152,5.041856,14,332.004,604.330,0.430000,0.223
152,5.041856,23,325.040,736.143,-0.073549,1.000
152,5.041856,24,377.123,746.279,0.073261,1.000
152,5.041856,15,262.615,548.792,0.394207,0.802
152,5.041856,16,288.443,550.418,0.564958,0.321
153,5.075026,11,322.111,575.121,0.081181,1.000
153,5.075026,12,390.263,588.912,0.295438,1.000
153,5.075026,13,271.191,594.185,0.180390,0.845
153,5.075026,14,333.032,604.652,0.426552,0.222
153,5.075026,23,324.248,735.864,-0.071465,1.000
153,5.075026,24,377.449,746.256,0.071106,1.000
153,5.075026,15,260.665,545.540,0.415011,0.792
153,5.075026,16,287.747,549.465,0.567365,0.319
154,5.108196,11,321.626,575.383,0.093881,1.000
154,5.108196,12,390.624,590.523,0.309528,1.000
154,5.108196,13,268.553,589.021,0.209162,0.835
154,5.108196,14,334.687,604.519,0.453042,0.217
154,5.108196,23,323.919,736.233,-0.071928,1.000
154,5.108196,24,377.807,746.466,0.071580,1.000
154,5.108196,15,261.138,551.804,0.455733,0.787
154,5.108196,16,287.463,549.354,0.602961,0.311
155,5.141366,11,322.689,575.441,0.048071,1.000
155,5.141366,12,390.256,590.491,0.314536,1.000
155,5.141366,13,268.609,589.269,0.126801,0.841
155,5.141366,14,333.696,610.756,0.456326,0.217
155,5.141366,23,323.950,735.580,-0.082460,1.000
155,5.141366,24,377.794,746.481,0.082184,1.000
155,5.141366,15,260.808,547.068,0.368165,0.790
155,5.141366,16,286.792,550.055,0.588304,0.315
156,5.174536,11,322.616,575.182,0.070679,1.000
156,5.174536,12,390.653,590.228,0.314051,1.000
156,5.174536,13,268.226,590.130,0.165262,0.839
156,5.174536,14,336.327,610.535,0.451311,0.213
156,5.174536,23,322.994,736.406,-0.073518,1.000
156,5.174536,24,377.815,746.616,0.073184,1.000
156,5.174536,15,259.627,546.730,0.387674,0.796
156,5.174536,16,287.310,550.048,0.583480,0.309
157,5.207706,11,325.092,575.136,0.050592,1.000
157,5.207706,12,389.428,590.426,0.287141,1.000
157,5.207706,13,270.531,590.509,0.146199,0.845
157,5.207706,14,319.115,610.240,0.395349,0.215
157,5.207706,23,324.077,736.283,-0.071195,1.000
157,5.207706,24,376.958,746.600,0.070976,1.000
157,5.207706,15,259.663,546.721,0.383939,0.796
157,5.207706,16,286.103,553.290,0.488209,0.309
158,5.240876,11,323.599,575.206,0.093136,1.000
158,5.240876,12,389.826,591.704,0.287472,1.000
158,5.240876,13,268.173,589.666,0.216632,0.828
158,5.240876,14,320.430,608.956,0.416456,0.209
158,5.240876,23,322.977,737.563,-0.068539,1.000
158,5.240876,24,377.128,747.153,0.068222,1.000
158,5.240876,15,259.177,546.679,0.462249,0.788
158,5.240876,16,286.157,553.187,0.574263,0.300
159,5.274046,11,323.362,575.488,0.094412,1.000
159,5.274046,12,389.746,591.642,0.281498,1.000
159,5.274046,13,268.254,588.797,0.214792,0.819
159,5.274046,14,326.341,602.910,0.420262,0.212
159,5.274046,23,323.058,736.667,-0.064020,1.000
159,5.274046,24,377.148,746.423,0.063682,1.000
159,5.274046,15,258.947,545.582,0.462158,0.778
159,5.274046,16,286.070,550.235,0.584114,0.301
160,5.307216,11,323.982,575.405,0.055470,1.000
160,5.307216,12,389.397,591.618,0.312828,1.000
160,5.307216,13,268.605,591.024,0.136857,0.825
160,5.307216,14,323.662,607.216,0.451848,0.210
160,5.307216,23,323.297,736.450,-0.074037,1.000
160,5.307216,24,377.163,746.412,0.073815,1.000
160,5.307216,15,258.019,544.801,0.363642,0.786
160,5.307216,16,286.092,550.858,0.583091,0.302
161,5.340387,11,323.110,575.415,0.047799,1.000
161,5.340387,12,389.124,591.882,0.302741,1.000
161,5.340387,13,268.668,592.853,0.137802,0.823
161,5.340387,14,322.329,608.888,0.429157,0.208
161,5.340387,23,323.307,736.806,-0.075979,1.000
161,5.340387,24,377.125,746.945,0.075762,1.000
161,5.340387,15,257.229,544.534,0.365847,0.787
161,5.340387,16,285.876,551.732,0.537207,0.302
162,5.373557,11,322.410,575.480,0.099387,1.000
162,5.373557,12,389.131,591.923,0.306954,1.000
162,5.373557,13,270.080,595.929,0.194728,0.815
162,5.373557,14,321.567,608.655,0.433753,0.208
162,5.373557,23,323.309,736.842,-0.073987,1.000
162,5.373557,24,377.177,747.019,0.073770,1.000
162,5.373557,15,257.255,556.636,0.414092,0.788
162,5.373557,16,285.372,552.089,0.554450,0.309
163,5.406727,11,320.035,576.208,0.144236,1.000
163,5.406727,12,389.085,591.952,0.339004,1.000
163,5.406727,13,269.570,591.540,0.268950,0.808
163,5.406727,14,320.568,606.320,0.480388,0.210
163,5.406727,23,323.116,736.293,-0.072402,1.000
163,5.406727,24,377.279,746.935,0.072163,1.000
163,5.406727,15,257.941,559.620,0.534938,0.782
163,5.406727,16,284.861,551.066,0.652715,0.312
164,5.439897,11,319.768,576.198,0.077551,1.000
164,5.439897,12,389.044,591.398,0.310320,1.000
164,5.439897,13,267.850,588.208,0.192211,0.805
164,5.439897,14,327.286,603.640,0.470638,0.213
164,5.439897,23,323.018,736.381,-0.075223,1.000
164,5.439897,24,377.285,747.036,0.074947,1.000
164,5.439897,15,258.020,554.449,0.450548,0.771
164,5.439897,16,285.251,550.853,0.617218,0.313
165,5.473067,11,319.654,576.299,0.082196,1.000
165,5.473067,12,389.042,591.387,0.312210,1.000
165,5.473067,13,267.166,586.723,0.201470,0.806
165,5.473067,14,328.663,603.170,0.472734,0.215
165,5.473067,23,322.695,735.123,-0.075179,1.000
165,5.473067,24,377.220,746.333,0.074901,1.000
165,5.473067,15,258.079,551.817,0.462909,0.768
165,5.473067,16,284.373,550.112,0.640146,0.314
166,5.506237,11,315.441,576.299,0.148333,1.000
166,5.506237,12,389.324,591.780,0.311754,1.000
166,5.506237,13,265.792,587.807,0.298540,0.786
166,5.506237,14,334.341,603.192,0.467557,0.221
166,5.506237,23,322.330,736.064,-0.070383,1.000
166,5.506237,24,377.406,746.488,0.070114,1.000
166,5.506237,15,263.819,574.509,0.569596,0.738
166,5.506237,16,284.369,550.284,0.623092,0.311
167,5.539407,11,317.231,576.364,0.076316,1.000
167,5.539407,12,388.738,592.159,0.320251,1.000
167,5.539407,13,265.860,589.531,0.146962,0.789
167,5.539407,14,330.808,609.314,0.453267,0.220
167,5.539407,23,322.216,735.877,-0.081281,1.000
167,5.539407,24,377.083,746.522,0.081048,1.000
167,5.539407,15,257.216,557.124,0.360399,0.745
167,5.539407,16,283.774,550.033,0.543765,0.322
168,5.572577,11,317.162,576.058,0.128148,1.000
168,5.572577,12,388.740,591.875,0.330458,1.000
168,5.572577,13,263.991,589.146,0.258802,0.786
168,5.572577,14,333.504,605.351,0.482624,0.219
168,5.572577,23,321.508,736.160,-0.080180,1.000
168,5.572577,24,377.035,746.545,0.079914,1.000
168,5.572577,15,256.481,564.492,0.522459,0.745
168,5.572577,16,282.650,550.027,0.648618,0.318
169,5.605747,11,315.187,575.929,0.138716,1.000
169,5.605747,12,388.963,591.713,0.330043,1.000
169,5.605747,13,260.474,588.230,0.274153,0.771
169,5.605747,14,333.376,604.883,0.476182,0.218
169,5.605747,23,321.033,736.115,-0.069675,1.000
169,5.605747,24,377.039,746.408,0.069282,1.000
169,5.605747,15,253.722,553.044,0.543518,0.736
169,5.605747,16,282.167,549.888,0.640814,0.317
170,5.638918,11,313.588,576.098,0.155971,1.000
170,5.638918,12,389.085,591.826,0.328440,1.000
170,5.638918,13,256.954,587.261,0.303507,0.757
170,5.638918,14,333.222,602.468,0.470605,0.226
170,5.638918,23,319.709,736.436,-0.068798,1.000
170,5.638918,24,377.033,746.414,0.068392,1.000
170,5.638918,15,253.972,553.108,0.580390,0.726
170,5.638918,16,281.045,549.397,0.635936,0.327
171,5.672088,11,311.791,575.931,0.141286,1.000
171,5.672088,12,389.305,591.743,0.337025,1.000
171,5.672088,13,254.727,587.891,0.273137,0.754
171,5.672088,14,333.190,604.759,0.477755,0.219
171,5.672088,23,319.428,735.905,-0.069477,1.000
171,5.672088,24,377.092,746.204,0.069098,1.000
171,5.672088,15,250.064,549.759,0.538032,0.730
171,5.672088,16,280.130,549.613,0.636689,0.323
172,5.705258,11,311.105,575.270,0.099342,1.000
172,5.705258,12,389.357,590.894,0.341802,1.000
172,5.705258,13,252.013,589.932,0.212351,0.757
172,5.705258,14,332.961,607.228,0.491425,0.213
172,5.705258,23,319.333,735.059,-0.086727,1.000
172,5.705258,24,377.054,745.930,0.086418,1.000
172,5.705258,15,248.139,549.991,0.462393,0.732
172,5.705258,16,278.783,552.093,0.648981,0.321
173,5.738428,11,309.106,575.237,0.167848,1.000
173,5.738428,12,389.608,591.005,0.357737,1.000
173,5.738428,13,247.386,589.967,0.306861,0.757
173,5.738428,14,333.211,609.197,0.505320,0.212
173,5.738428,23,318.397,735.316,-0.080237,1.000
173,5.738428,24,377.053,745.852,0.080068,1.000
173,5.738428,15,243.540,550.091,0.565072,0.735
173,5.738428,16,278.889,553.174,0.672344,0.312
174,5.771598,11,309.473,575.111,0.155425,1.000
174,5.771598,12,389.744,591.516,0.361532,1.000
174,5.771598,13,245.016,591.711,0.284947,0.764
174,5.771598,14,334.146,610.879,0.504932,0.206
174,5.771598,23,318.363,734.819,-0.079661,1.000
174,5.771598,24,377.073,745.308,0.079460,1.000
174,5.771598,15,239.918,552.405,0.542734,0.742
174,5.771598,16,278.582,556.651,0.667507,0.305
175,5.804768,11,307.308,574.943,0.177786,1.000
175,5.804768,12,390.088,591.538,0.364233,1.000
175,5.804768,13,239.145,594.636,0.302254,0.772
175,5.804768,14,335.574,610.630,0.508005,0.210
175,5.804768,23,317.599,735.278,-0.077850,1.000
175,5.804768,24,376.953,744.807,0.077702,1.000
175,5.804768,15,238.028,553.685,0.551197,0.750
175,5.804768,16,278.691,561.634,0.676298,0.303
176,5.837938,11,303.604,574.941,0.171399,1.000
176,5.837938,12,392.817,591.387,0.358702,1.000
176,5.837938,13,236.110,599.163,0.293048,0.785
176,5.837938,14,337.017,617.401,0.505921,0.207
176,5.837938,23,316.241,735.481,-0.074656,1.000
176,5.837938,24,376.933,744.493,0.074586,1.000
176,5.837938,15,233.532,555.508,0.542930,0.759
176,5.837938,16,285.391,567.646,0.685055,0.288
177,5.871108,11,301.959,575.401,0.165115,1.000
177,5.871108,12,394.386,590.835,0.334184,1.000
177,5.871108,13,230.757,603.021,0.286480,0.800
177,5.871108,14,336.799,618.686,0.470240,0.207
177,5.871108,23,314.407,738.289,-0.062069,1.000
177,5.871108,24,376.743,744.624,0.062010,1.000
177,5.871108,15,232.179,556.708,0.539011,0.772
177,5.871108,16,285.009,568.723,0.626236,0.274
178,5.904278,11,302.104,576.060,0.159917,1.000
178,5.904278,12,394.482,590.453,0.336625,1.000
178,5.904278,13,229.159,606.073,0.285525,0.813
178,5.904278,14,336.650,617.773,0.472061,0.203
178,5.904278,23,313.523,738.821,-0.066801,1.000
178,5.904278,24,376.141,744.543,0.066680,1.000
178,5.904278,15,230.344,561.434,0.537622,0.782
178,5.904278,16,283.557,570.117,0.624652,0.265
179,5.937448,11,298.095,576.965,0.186382,1.000
179,5.937448,12,396.627,589.073,0.370453,1.000
179,5.937448,13,223.105,614.046,0.274744,0.826
179,5.937448,14,344.520,621.141,0.470233,0.196
179,5.937448,23,311.517,739.521,-0.066104,1.000
179,5.937448,24,375.429,744.497,0.065851,1.000
179,5.937448,15,230.441,570.221,0.498545,0.785
179,5.937448,16,285.795,578.811,0.606471,0.250
180,5.970619,11,295.054,577.209,0.220250,1.000
180,5.970619,12,396.498,585.125,0.382439,1.000
180,5.970619,13,219.658,615.042,0.345773,0.835
180,5.970619,14,346.620,620.291,0.501127,0.207
180,5.970619,23,309.640,739.852,-0.065045,1.000
180,5.970619,24,373.969,744.349,0.064790,1.000
180,5.970619,15,231.610,576.313,0.622781,0.771
180,5.970619,16,288.103,576.159,0.680973,0.243
181,6.003789,11,292.100,577.565,0.233183,1.000
181,6.003789,12,396.368,584.697,0.388089,0.999
181,6.003789,13,216.020,622.312,0.337333,0.844
181,6.003789,14,351.074,618.873,0.499901,0.205
181,6.003789,23,306.811,742.592,-0.062106,1.000
181,6.003789,24,372.915,744.737,0.061815,1.000
181,6.003789,15,231.369,592.614,0.595389,0.747
181,6.003789,16,289.591,577.202,0.679246,0.229
182,6.036959,11,288.540,579.450,0.261927,1.000
182,6.036959,12,395.944,584.584,0.412921,0.999
182,6.036959,13,215.510,629.703,0.329900,0.847
182,6.036959,14,361.882,620.843,0.497279,0.194
182,6.036959,23,304.538,742.432,-0.057725,1.000
182,6.036959,24,370.548,743.757,0.057399,1.000
182,6.036959,15,228.728,604.690,0.580723,0.720
182,6.036959,16,300.897,580.133,0.665325,0.212
183,6.070129,11,285.687,583.174,0.287693,1.000
183,6.070129,12,393.950,584.193,0.367211,0.999
183,6.070129,13,216.279,636.362,0.380217,0.831
183,6.070129,14,358.201,605.916,0.440405,0.193
183,6.070129,23,302.964,745.358,-0.022409,1.000
183,6.070129,24,368.667,744.370,0.021971,1.000
183,6.070129,15,220.672,620.550,0.606952,0.685
183,6.070129,16,293.921,566.477,0.594566,0.214
184,6.103299,11,285.073,584.958,0.271593,1.000
184,6.103299,12,393.409,582.751,0.269886,0.999
184,6.103299,13,218.485,637.773,0.228101,0.833
184,6.103299,14,363.584,622.215,0.265097,0.191
184,6.103299,23,301.780,747.689,0.023825,1.000
184,6.103299,24,365.427,744.534,-0.024424,1.000
184,6.103299,15,217.909,642.698,0.280856,0.685
184,6.103299,16,295.819,610.365,0.376261,0.200
185,6.136469,11,282.372,588.909,0.295298,1.000
185,6.136469,12,393.404,581.269,0.209705,0.999
185,6.136469,13,221.869,650.536,0.233474,0.848
185,6.136469,14,374.685,639.641,0.195784,0.225
185,6.136469,23,301.214,747.902,0.063461,1.000
185,6.136469,24,362.431,744.025,-0.064052,1.000
185,6.136469,15,206.248,670.589,0.258526,0.702
185,6.136469,16,327.063,642.363,0.339136,0.186
186,6.169639,11,278.436,591.414,0.282751,1.000
186,6.169639,12,393.271,581.376,0.187646,0.999
186,6.169639,13,222.319,658.681,0.242904,0.861
186,6.169639,14,374.518,651.729,0.207193,0.271
186,6.169639,23,299.655,748.582,0.066783,1.000
186,6.169639,24,358.859,743.643,-0.067361,1.000
186,6.169639,15,196.411,704.787,0.288166,0.717
186,6.169639,16,344.475,668.056,0.361771,0.175
187,6.202809,11,278.219,593.948,0.303244,1.000
187,6.202809,12,392.745,581.572,0.204723,0.999
187,6.202809,13,223.277,666.040,0.243694,0.873
187,6.202809,14,381.452,650.483,0.176223,0.319
187,6.202809,23,296.615,748.795,0.073174,1.000
187,6.202809,24,355.072,743.647,-0.073752,1.000
187,6.202809,15,196.049,733.229,0.259261,0.729
187,6.202809,16,360.114,681.305,0.261449,0.167
188,6.235979,11,278.708,597.705,0.396619,1.000
188,6.235979,12,387.719,580.265,0.233371,0.999
188,6.235979,13,229.579,672.481,0.330053,0.875
188,6.235979,14,391.965,648.335,0.189485,0.367
188,6.235979,23,295.629,748.677,0.085894,1.000
188,6.235979,24,349.663,741.250,-0.086341,1.000
188,6.235979,15,200.174,747.797,0.330886,0.734
188,6.235979,16,370.364,673.937,0.275334,0.178
189,6.269149,11,278.249,602.490,0.439672,1.000
189,6.269149,12,382.796,578.215,0.242304,0.999
189,6.269149,13,234.246,682.670,0.377850,0.873
189,6.269149,14,402.620,648.970,0.189947,0.421
189,6.269149,23,294.132,748.469,0.090355,1.000
189,6.269149,24,345.975,738.759,-0.090789,1.000
189,6.269149,15,203.492,766.600,0.361115,0.730
189,6.269149,16,386.737,669.886,0.284581,0.209
190,6.302320,11,278.820,605.297,0.455202,1.000
190,6.302320,12,379.888,577.732,0.234504,1.000
190,6.302320,13,239.833,689.009,0.384199,0.864
190,6.302320,14,410.522,654.105,0.166423,0.467
190,6.302320,23,294.634,748.386,0.100655,1.000
190,6.302320,24,345.243,737.085,-0.101065,1.000
190,6.302320,15,218.995,776.560,0.359295,0.719
190,6.302320,16,390.488,665.542,0.234780,0.229
191,6.335490,11,279.398,607.639,0.509496,1.000
191,6.335490,12,376.329,574.889,0.230619,1.000
191,6.335490,13,245.717,689.246,0.441463,0.834
191,6.335490,14,407.954,651.319,0.118969,0.512
191,6.335490,23,293.893,748.387,0.107103,1.000
191,6.335490,24,341.262,735.603,-0.107341,1.000
191,6.335490,15,235.885,778.638,0.388840,0.697
191,6.335490,16,389.017,687.141,0.123191,0.264
192,6.368660,11,279.793,607.866,0.501717,1.000
192,6.368660,12,374.998,573.961,0.209865,1.000
192,6.368660,13,246.781,692.223,0.436349,0.791
192,6.368660,14,406.904,650.874,0.053330,0.555
192,6.368660,23,293.907,747.709,0.109932,1.000
192,6.368660,24,340.994,733.594,-0.110139,1.000
192,6.368660,15,250.887,778.220,0.384354,0.660
192,6.368660,16,397.325,699.453,-0.011278,0.305
193,6.401830,11,284.474,607.339,0.495280,1.000
193,6.401830,12,371.528,573.530,0.171565,1.000
193,6.401830,13,250.518,691.738,0.431646,0.738
193,6.401830,14,403.190,650.466,-0.018016,0.594
193,6.401830,23,294.405,747.331,0.110072,1.000
193,6.401830,24,339.685,732.491,-0.110201,1.000
193,6.401830,15,264.541,773.918,0.373258,0.615
193,6.401830,16,396.211,709.139,-0.127483,0.350
